Components,alpha,mean_fit_time,std_fit_time,mean_score_time,std_score_time,param_alpha,params,split0_test_MSE,split1_test_MSE,split2_test_MSE,split3_test_MSE,split4_test_MSE,split5_test_MSE,split6_test_MSE,split7_test_MSE,split8_test_MSE,split9_test_MSE,mean_test_MSE,std_test_MSE,rank_test_MSE,split0_test_R2,split1_test_R2,split2_test_R2,split3_test_R2,split4_test_R2,split5_test_R2,split6_test_R2,split7_test_R2,split8_test_R2,split9_test_R2,mean_test_R2,std_test_R2,rank_test_R2,split0_test_Max Error,split1_test_Max Error,split2_test_Max Error,split3_test_Max Error,split4_test_Max Error,split5_test_Max Error,split6_test_Max Error,split7_test_Max Error,split8_test_Max Error,split9_test_Max Error,mean_test_Max Error,std_test_Max Error,rank_test_Max Error
2,0.1,0.0,0.0,0.0,0.0,0.1,{'alpha': 0.1},-9.478726241972923,-10.969893409991533,-11.333057437291298,-8.330419883962087,-13.3382398748804,-9.148750745928009,-11.528734716944632,-6.7228492276260825,-11.785904542967344,-8.247277033857596,-10.088385311542192,1.9210817376330502,1,0.12346574008173294,0.11461326456660692,0.11131616110436149,0.12474439222991507,0.0915544185809738,0.07604301054975926,0.1009269076784316,0.11006473874066447,0.08756173584096716,0.1131219438493537,0.10534123132227664,0.01514450568993963,1,-12.679006910015877,-17.289026857624478,-12.659673184045213,-15.31586749985468,-17.468075274946212,-12.490125869410376,-14.000449771057047,-7.756188860647508,-17.286158370651293,-13.500273506366677,-14.044484610461936,2.835699596458988,1
2,0.1,0.0011898040771484374,0.0035694122314453122,0.0012403964996337891,0.00355574884881034,0.2,{'alpha': 0.2},-9.98926738580525,-11.489274486450597,-11.8716819301283,-8.707286725089617,-13.839430838987306,-9.365806898939933,-11.981476149542743,-6.869782739141577,-12.108318469666665,-8.524907136116724,-10.474723275986872,2.015628345475923,2,0.07625403755515492,0.07269370358772531,0.06907981979344957,0.08514797084009873,0.05741912628895818,0.054121924791924014,0.06561968187941891,0.09061445679458746,0.06260117362482698,0.08326675111002213,0.07168186462661662,0.011548480761066852,2,-13.265327819524572,-17.77687872644406,-13.079746887680642,-15.839394200352746,-17.83934284159653,-13.117787043161194,-14.290752940290332,-8.175454081269379,-17.72471597787488,-13.830986961132167,-14.494038747932649,2.828866384416768,2
2,0.1,0.00040178298950195314,0.001047623264867031,0.00035119056701660156,0.0010535717010498047,0.30000000000000004,{'alpha': 0.30000000000000004},-10.41695409144924,-11.953395649274887,-12.371861234543255,-9.071677049628704,-14.300983321186566,-9.580166168516662,-12.375964315586264,-7.130773912385554,-12.474304789048146,-8.857018062918547,-10.853309859453782,2.0779006707313457,3,0.036704203491110254,0.03523420367824859,0.02985816519201745,0.04686242468365365,0.0259835458090667,0.03247320455905278,0.03485536089910146,0.05606582420101147,0.0342673346101835,0.04755291586728616,0.0379857182990732,0.008778115482923243,3,-13.486779615288103,-18.060064555980883,-13.320932796451117,-16.14649350175691,-18.11740102432295,-13.384231591305749,-14.473961941700074,-8.506255337051488,-18.03366531141568,-14.020061340529736,-14.75498470158027,2.830635221285725,3
2,0.1,0.0,0.0,0.0,0.0,0.4,{'alpha': 0.4},-10.86363880479348,-12.392428476733837,-12.79387835822137,-9.526162430306922,-14.739053189292905,-9.885153679708907,-12.823352289143473,-7.491876294535393,-12.921352102806647,-9.274095102261573,-11.271099072780451,2.100904312530192,4,-0.004602449389551788,-0.00020040150195543838,-0.003234387248059134,-0.000889175311199919,-0.0038526724451495298,0.0016716940045619078,-3.4373206963644876e-05,0.008264998699922588,-0.00034206456454177747,0.002702176356648933,-5.1665460628780305e-05,0.0035470508541876893,4,-13.671919594000542,-18.277320512062154,-13.50281842980756,-16.43188817037761,-18.334930751311852,-13.603603341799204,-14.640343930202363,-8.730216293854578,-18.300611683409116,-14.165918105532327,-14.965957081235734,2.8440438029643387,4
2,0.1,0.0017260313034057617,0.003327876330569626,0.0017260313034057617,0.003327876330569626,0.5,{'alpha': 0.5},-10.86363880479348,-12.392428476733837,-12.79387835822137,-9.526162430306922,-14.739053189292905,-9.981000532336248,-12.823352289143473,-7.559417300011443,-12.921352102806647,-9.301607683128744,-11.290189116677507,2.0799707418168922,5,-0.004602449389551788,-0.00020040150195543838,-0.003234387248059134,-0.000889175311199919,-0.0038526724451495298,-0.008008137904866208,-3.4373206963644876e-05,-0.0006757227589271331,-0.00034206456454177747,-0.0002564127799831173,-0.002209579711119769,0.0025152746543711225,5,-13.671919594000542,-18.277320512062154,-13.50281842980756,-16.43188817037761,-18.334930751311852,-13.660204019578519,-14.640343930202363,-8.765625010341422,-18.300611683409116,-14.174356919671961,-14.97600190207631,2.8333734129003667,5
2,0.1,0.00038421154022216797,0.0006583586900969425,0.00033316612243652346,0.0006663322448730469,0.6,{'alpha': 0.6},-10.86363880479348,-12.392428476733837,-12.79387835822137,-9.526162430306922,-14.739053189292905,-9.981000532336248,-12.823352289143473,-7.559417300011443,-12.921352102806647,-9.301607683128744,-11.290189116677507,2.0799707418168922,5,-0.004602449389551788,-0.00020040150195543838,-0.003234387248059134,-0.000889175311199919,-0.0038526724451495298,-0.008008137904866208,-3.4373206963644876e-05,-0.0006757227589271331,-0.00034206456454177747,-0.0002564127799831173,-0.002209579711119769,0.0025152746543711225,5,-13.671919594000542,-18.277320512062154,-13.50281842980756,-16.43188817037761,-18.334930751311852,-13.660204019578519,-14.640343930202363,-8.765625010341422,-18.300611683409116,-14.174356919671961,-14.97600190207631,2.8333734129003667,5
2,0.1,0.0,0.0,0.0,0.0,0.7000000000000001,{'alpha': 0.7000000000000001},-10.86363880479348,-12.392428476733837,-12.79387835822137,-9.526162430306922,-14.739053189292905,-9.981000532336248,-12.823352289143473,-7.559417300011443,-12.921352102806647,-9.301607683128744,-11.290189116677507,2.0799707418168922,5,-0.004602449389551788,-0.00020040150195543838,-0.003234387248059134,-0.000889175311199919,-0.0038526724451495298,-0.008008137904866208,-3.4373206963644876e-05,-0.0006757227589271331,-0.00034206456454177747,-0.0002564127799831173,-0.002209579711119769,0.0025152746543711225,5,-13.671919594000542,-18.277320512062154,-13.50281842980756,-16.43188817037761,-18.334930751311852,-13.660204019578519,-14.640343930202363,-8.765625010341422,-18.300611683409116,-14.174356919671961,-14.97600190207631,2.8333734129003667,5
2,0.1,0.0011025190353393555,0.001975709257222913,0.0011025190353393555,0.001975709257222913,0.8,{'alpha': 0.8},-10.86363880479348,-12.392428476733837,-12.79387835822137,-9.526162430306922,-14.739053189292905,-9.981000532336248,-12.823352289143473,-7.559417300011443,-12.921352102806647,-9.301607683128744,-11.290189116677507,2.0799707418168922,5,-0.004602449389551788,-0.00020040150195543838,-0.003234387248059134,-0.000889175311199919,-0.0038526724451495298,-0.008008137904866208,-3.4373206963644876e-05,-0.0006757227589271331,-0.00034206456454177747,-0.0002564127799831173,-0.002209579711119769,0.0025152746543711225,5,-13.671919594000542,-18.277320512062154,-13.50281842980756,-16.43188817037761,-18.334930751311852,-13.660204019578519,-14.640343930202363,-8.765625010341422,-18.300611683409116,-14.174356919671961,-14.97600190207631,2.8333734129003667,5
2,0.1,0.0008579969406127929,0.001484143548364554,0.0003571271896362305,0.0005500871914908873,0.9,{'alpha': 0.9},-10.86363880479348,-12.392428476733837,-12.79387835822137,-9.526162430306922,-14.739053189292905,-9.981000532336248,-12.823352289143473,-7.559417300011443,-12.921352102806647,-9.301607683128744,-11.290189116677507,2.0799707418168922,5,-0.004602449389551788,-0.00020040150195543838,-0.003234387248059134,-0.000889175311199919,-0.0038526724451495298,-0.008008137904866208,-3.4373206963644876e-05,-0.0006757227589271331,-0.00034206456454177747,-0.0002564127799831173,-0.002209579711119769,0.0025152746543711225,5,-13.671919594000542,-18.277320512062154,-13.50281842980756,-16.43188817037761,-18.334930751311852,-13.660204019578519,-14.640343930202363,-8.765625010341422,-18.300611683409116,-14.174356919671961,-14.97600190207631,2.8333734129003667,5
2,0.1,0.0002961874008178711,0.0008885622024536133,0.00010457038879394532,0.0003137111663818359,1.0,{'alpha': 1.0},-10.86363880479348,-12.392428476733837,-12.79387835822137,-9.526162430306922,-14.739053189292905,-9.981000532336248,-12.823352289143473,-7.559417300011443,-12.921352102806647,-9.301607683128744,-11.290189116677507,2.0799707418168922,5,-0.004602449389551788,-0.00020040150195543838,-0.003234387248059134,-0.000889175311199919,-0.0038526724451495298,-0.008008137904866208,-3.4373206963644876e-05,-0.0006757227589271331,-0.00034206456454177747,-0.0002564127799831173,-0.002209579711119769,0.0025152746543711225,5,-13.671919594000542,-18.277320512062154,-13.50281842980756,-16.43188817037761,-18.334930751311852,-13.660204019578519,-14.640343930202363,-8.765625010341422,-18.300611683409116,-14.174356919671961,-14.97600190207631,2.8333734129003667,5
4,0.1,0.00030570030212402345,0.0009171009063720703,0.0006621122360229492,0.0012068046972297578,0.1,{'alpha': 0.1},-8.152658558520558,-9.37577974468996,-10.459297772883607,-7.517756121138703,-12.07869550209127,-7.839070700038278,-9.987250819574356,-6.080128273290349,-10.449896006108537,-7.177902604151989,-8.911843610248761,1.7566090804323446,1,0.2460923173078432,0.24327514315383114,0.1798321901754698,0.2101288657079079,0.17733991432815865,0.20831112736143698,0.2211401599042485,0.1951447429244848,0.1909925167223966,0.22811804639580902,0.2100375023981586,0.02328916733234842,1,-11.871006319953029,-16.641955595245165,-11.724872072774607,-14.080009517862079,-16.697241153848253,-10.880340616827098,-12.928993691742907,-7.709586889987998,-16.530478345833856,-11.84365915903809,-13.090814336311308,2.778593690190224,1
4,0.1,0.0,0.0,0.0,0.0,0.2,{'alpha': 0.2},-9.325613815914567,-10.870718479535169,-11.270421634134749,-8.186814843092357,-13.177058985468962,-8.707198402381628,-11.346427630704705,-6.393684029954525,-11.45616235518073,-7.897431957741454,-9.863153213410886,1.976155654118767,2,0.13762463481434617,0.12261773321838232,0.11622775943600983,0.1398326013569564,0.10253218387598606,0.12063657150226403,0.11514420036510942,0.153637888497402,0.11308963557468332,0.15074283614944328,0.1272086044790583,0.016306114303300968,2,-12.65896664035861,-17.55854465872398,-12.632265343082668,-15.225701048862629,-17.510501797204448,-12.119823858934806,-13.920783824251691,-7.636716300825485,-17.418459046836237,-13.088819746503532,-13.977058226558409,2.944517617549239,2
4,0.1,0.0011797904968261718,0.0028260166652298345,0.0012246370315551758,0.002819387947157051,0.30000000000000004,{'alpha': 0.30000000000000004},-10.416954091440985,-11.953395649265763,-12.371861234533831,-9.07167704962104,-14.300983321177446,-9.580166168511836,-12.375964315578125,-7.11074912796554,-12.47430478904051,-8.857018062911617,-10.85130738100467,2.0814936662559025,3,0.036704203491873644,0.03523420367898489,0.029858165192756303,0.04686242468445889,0.025983545809687758,0.03247320455954028,0.03485536089973629,0.05871659936361018,0.03426733461077458,0.04755291586803145,0.038250795815945426,0.00934200007324136,3,-13.486779615280984,-18.06006455597251,-13.320932796444481,-16.146493501746797,-18.117401024314212,-13.384231591295205,-14.473961941700628,-8.489240966676011,-18.03366531140771,-14.020061340533994,-14.753283264537254,2.8343933123542557,3
4,0.1,0.0007155895233154297,0.0004684919036977817,0.00010256767272949218,0.00030770301818847654,0.4,{'alpha': 0.4},-10.86363880479348,-12.392428476733837,-12.79387835822137,-9.526162430306922,-14.739053189292905,-9.88515367970266,-12.823352289143473,-7.491876294528763,-12.921352102806647,-9.274095102254618,-11.271099072778469,2.100904312532458,4,-0.004602449389551788,-0.00020040150195543838,-0.003234387248059134,-0.000889175311199919,-0.0038526724451495298,0.0016716940051928475,-3.4373206963644876e-05,0.008264998700800219,-0.00034206456454177747,0.0027021763573967794,-5.1665460403138574e-05,0.0035470508544821807,4,-13.671919594000542,-18.277320512062154,-13.50281842980756,-16.43188817037761,-18.334930751311852,-13.603603341794068,-14.640343930202363,-8.730216293851736,-18.300611683409116,-14.165918105530558,-14.965957081234754,2.844043802965258,4
4,0.1,0.000750422477722168,0.0005018853940992102,0.00018835067749023438,0.00042311404392018004,0.5,{'alpha': 0.5},-10.86363880479348,-12.392428476733837,-12.79387835822137,-9.526162430306922,-14.739053189292905,-9.981000532336248,-12.823352289143473,-7.559417300011443,-12.921352102806647,-9.301607683128744,-11.290189116677507,2.0799707418168922,5,-0.004602449389551788,-0.00020040150195543838,-0.003234387248059134,-0.000889175311199919,-0.0038526724451495298,-0.008008137904866208,-3.4373206963644876e-05,-0.0006757227589271331,-0.00034206456454177747,-0.0002564127799831173,-0.002209579711119769,0.0025152746543711225,5,-13.671919594000542,-18.277320512062154,-13.50281842980756,-16.43188817037761,-18.334930751311852,-13.660204019578519,-14.640343930202363,-8.765625010341422,-18.300611683409116,-14.174356919671961,-14.97600190207631,2.8333734129003667,5
4,0.1,0.0007575273513793946,0.0012645048417817524,0.0007575273513793946,0.0012645048417817524,0.6,{'alpha': 0.6},-10.86363880479348,-12.392428476733837,-12.79387835822137,-9.526162430306922,-14.739053189292905,-9.981000532336248,-12.823352289143473,-7.559417300011443,-12.921352102806647,-9.301607683128744,-11.290189116677507,2.0799707418168922,5,-0.004602449389551788,-0.00020040150195543838,-0.003234387248059134,-0.000889175311199919,-0.0038526724451495298,-0.008008137904866208,-3.4373206963644876e-05,-0.0006757227589271331,-0.00034206456454177747,-0.0002564127799831173,-0.002209579711119769,0.0025152746543711225,5,-13.671919594000542,-18.277320512062154,-13.50281842980756,-16.43188817037761,-18.334930751311852,-13.660204019578519,-14.640343930202363,-8.765625010341422,-18.300611683409116,-14.174356919671961,-14.97600190207631,2.8333734129003667,5
4,0.1,0.0007614612579345704,0.0009635951484997959,0.0004815101623535156,0.0006087863884490794,0.7000000000000001,{'alpha': 0.7000000000000001},-10.86363880479348,-12.392428476733837,-12.79387835822137,-9.526162430306922,-14.739053189292905,-9.981000532336248,-12.823352289143473,-7.559417300011443,-12.921352102806647,-9.301607683128744,-11.290189116677507,2.0799707418168922,5,-0.004602449389551788,-0.00020040150195543838,-0.003234387248059134,-0.000889175311199919,-0.0038526724451495298,-0.008008137904866208,-3.4373206963644876e-05,-0.0006757227589271331,-0.00034206456454177747,-0.0002564127799831173,-0.002209579711119769,0.0025152746543711225,5,-13.671919594000542,-18.277320512062154,-13.50281842980756,-16.43188817037761,-18.334930751311852,-13.660204019578519,-14.640343930202363,-8.765625010341422,-18.300611683409116,-14.174356919671961,-14.97600190207631,2.8333734129003667,5
4,0.1,0.0003184795379638672,0.0006369590759277344,0.0001592397689819336,0.00047771930694580074,0.8,{'alpha': 0.8},-10.86363880479348,-12.392428476733837,-12.79387835822137,-9.526162430306922,-14.739053189292905,-9.981000532336248,-12.823352289143473,-7.559417300011443,-12.921352102806647,-9.301607683128744,-11.290189116677507,2.0799707418168922,5,-0.004602449389551788,-0.00020040150195543838,-0.003234387248059134,-0.000889175311199919,-0.0038526724451495298,-0.008008137904866208,-3.4373206963644876e-05,-0.0006757227589271331,-0.00034206456454177747,-0.0002564127799831173,-0.002209579711119769,0.0025152746543711225,5,-13.671919594000542,-18.277320512062154,-13.50281842980756,-16.43188817037761,-18.334930751311852,-13.660204019578519,-14.640343930202363,-8.765625010341422,-18.300611683409116,-14.174356919671961,-14.97600190207631,2.8333734129003667,5
4,0.1,0.0005542278289794922,0.0011084556579589841,0.0002771139144897461,0.0008313417434692384,0.9,{'alpha': 0.9},-10.86363880479348,-12.392428476733837,-12.79387835822137,-9.526162430306922,-14.739053189292905,-9.981000532336248,-12.823352289143473,-7.559417300011443,-12.921352102806647,-9.301607683128744,-11.290189116677507,2.0799707418168922,5,-0.004602449389551788,-0.00020040150195543838,-0.003234387248059134,-0.000889175311199919,-0.0038526724451495298,-0.008008137904866208,-3.4373206963644876e-05,-0.0006757227589271331,-0.00034206456454177747,-0.0002564127799831173,-0.002209579711119769,0.0025152746543711225,5,-13.671919594000542,-18.277320512062154,-13.50281842980756,-16.43188817037761,-18.334930751311852,-13.660204019578519,-14.640343930202363,-8.765625010341422,-18.300611683409116,-14.174356919671961,-14.97600190207631,2.8333734129003667,5
4,0.1,0.0,0.0,0.0,0.0,1.0,{'alpha': 1.0},-10.86363880479348,-12.392428476733837,-12.79387835822137,-9.526162430306922,-14.739053189292905,-9.981000532336248,-12.823352289143473,-7.559417300011443,-12.921352102806647,-9.301607683128744,-11.290189116677507,2.0799707418168922,5,-0.004602449389551788,-0.00020040150195543838,-0.003234387248059134,-0.000889175311199919,-0.0038526724451495298,-0.008008137904866208,-3.4373206963644876e-05,-0.0006757227589271331,-0.00034206456454177747,-0.0002564127799831173,-0.002209579711119769,0.0025152746543711225,5,-13.671919594000542,-18.277320512062154,-13.50281842980756,-16.43188817037761,-18.334930751311852,-13.660204019578519,-14.640343930202363,-8.765625010341422,-18.300611683409116,-14.174356919671961,-14.97600190207631,2.8333734129003667,5
6,0.1,0.0011365175247192382,0.0008667275268867327,0.0006104946136474609,0.0004986278570956807,0.1,{'alpha': 0.1},-8.152658561605238,-9.375779745936846,-10.459297771135653,-7.517756121964565,-12.078695503723514,-7.839070702053303,-9.98725082152733,-6.080128276187311,-10.449896007943599,-7.177902606451923,-8.911843611852927,1.756609079869851,1,0.24609231702259093,0.2432751430531942,0.17983219031253606,0.21012886562113675,0.17733991421698925,0.2083111271579342,0.22114015975194512,0.19514474254100023,0.19099251658033023,0.22811804614848374,0.21003750224061407,0.023289167282808786,1,-11.87100631861813,-16.641955594257908,-11.724872072374676,-14.0800095207872,-16.69724115273702,-10.880340618679407,-12.928993694841303,-7.7095868939568994,-16.53047834448575,-11.843659161880124,-13.090814337261842,2.778593688873721,1
6,0.1,0.0006061553955078125,0.0004952133553799078,0.0007120609283447265,0.00046667942319049427,0.2,{'alpha': 0.2},-9.325613817397619,-10.870718481524358,-11.270421634817414,-8.18681484384276,-13.177058986932131,-8.707198403887377,-11.346427632420475,-6.393684031516826,-11.45616235653991,-7.897431959159868,-9.863153214803875,1.976155654145061,2,0.13762463467720254,0.12261773305783363,0.11622775938247842,0.1398326012781136,0.102532183776332,0.12063657135019434,0.11514420023130434,0.15363788829059277,0.11308963546945872,0.15074283599691285,0.1272086043510423,0.01630611428124803,2,-12.658966640106968,-17.558544659030275,-12.632265343410454,-15.225701050890754,-17.51050179708524,-12.119823864269316,-13.920783825847934,-7.636716302353035,-17.41845904668157,-13.088819748248284,-13.977058227792384,2.944517616915335,2
6,0.1,0.0009036064147949219,0.000302280159303119,0.0004994869232177734,0.000499668532156314,0.30000000000000004,{'alpha': 0.30000000000000004},-10.416954091440699,-11.953395649265412,-12.3718612345335,-9.071677049620785,-14.300983321177108,-9.580166168511601,-12.375964315577855,-7.110749128445364,-12.474304789040268,-8.857018062911365,-10.851307381052397,2.0814936661696044,3,0.036704203491899956,0.0352342036790132,0.029858165192782282,0.04686242468448576,0.02598354580971074,0.03247320455956404,0.03485536089975738,0.05871659930009365,0.034267334610793454,0.04755291586805843,0.03825079580961589,0.00934200005932202,3,-13.486779615280492,-18.06006455597228,-13.320932796444374,-16.146493501746626,-18.117401024313995,-13.38423159129457,-14.473961941700482,-8.489240967091284,-18.033665311407553,-14.020061340533951,-14.75328326457856,2.8343933122624616,3
6,0.1,0.0004998683929443359,0.0004998701714714482,0.0005003929138183594,0.0005003931364695463,0.4,{'alpha': 0.4},-10.86363880479348,-12.392428476733837,-12.79387835822137,-9.526162430306922,-14.739053189292905,-9.885153679702507,-12.823352289143473,-7.491876294528538,-12.921352102806647,-9.274095102254442,-11.271099072778412,2.100904312532525,4,-0.004602449389551788,-0.00020040150195543838,-0.003234387248059134,-0.000889175311199919,-0.0038526724451495298,0.0016716940052083906,-3.4373206963644876e-05,0.008264998700829973,-0.00034206456454177747,0.002702176357415653,-5.166546039672149e-05,0.003547050854491377,4,-13.671919594000542,-18.277320512062154,-13.50281842980756,-16.43188817037761,-18.334930751311852,-13.603603341793878,-14.640343930202363,-8.730216293851601,-18.300611683409116,-14.165918105530507,-14.965957081234716,2.844043802965298,4
6,0.1,0.0005818843841552734,0.0005016896198335528,0.0006751060485839844,0.0004223351071025884,0.5,{'alpha': 0.5},-10.86363880479348,-12.392428476733837,-12.79387835822137,-9.526162430306922,-14.739053189292905,-9.981000532336248,-12.823352289143473,-7.559417300011443,-12.921352102806647,-9.301607683128744,-11.290189116677507,2.0799707418168922,5,-0.004602449389551788,-0.00020040150195543838,-0.003234387248059134,-0.000889175311199919,-0.0038526724451495298,-0.008008137904866208,-3.4373206963644876e-05,-0.0006757227589271331,-0.00034206456454177747,-0.0002564127799831173,-0.002209579711119769,0.0025152746543711225,5,-13.671919594000542,-18.277320512062154,-13.50281842980756,-16.43188817037761,-18.334930751311852,-13.660204019578519,-14.640343930202363,-8.765625010341422,-18.300611683409116,-14.174356919671961,-14.97600190207631,2.8333734129003667,5
6,0.1,0.000446319580078125,0.0004305539326641815,0.0006959676742553711,0.00040622369361641684,0.6,{'alpha': 0.6},-10.86363880479348,-12.392428476733837,-12.79387835822137,-9.526162430306922,-14.739053189292905,-9.981000532336248,-12.823352289143473,-7.559417300011443,-12.921352102806647,-9.301607683128744,-11.290189116677507,2.0799707418168922,5,-0.004602449389551788,-0.00020040150195543838,-0.003234387248059134,-0.000889175311199919,-0.0038526724451495298,-0.008008137904866208,-3.4373206963644876e-05,-0.0006757227589271331,-0.00034206456454177747,-0.0002564127799831173,-0.002209579711119769,0.0025152746543711225,5,-13.671919594000542,-18.277320512062154,-13.50281842980756,-16.43188817037761,-18.334930751311852,-13.660204019578519,-14.640343930202363,-8.765625010341422,-18.300611683409116,-14.174356919671961,-14.97600190207631,2.8333734129003667,5
6,0.1,0.00040314197540283205,0.0004937926607636334,0.0006030082702636718,0.0004924108247293264,0.7000000000000001,{'alpha': 0.7000000000000001},-10.86363880479348,-12.392428476733837,-12.79387835822137,-9.526162430306922,-14.739053189292905,-9.981000532336248,-12.823352289143473,-7.559417300011443,-12.921352102806647,-9.301607683128744,-11.290189116677507,2.0799707418168922,5,-0.004602449389551788,-0.00020040150195543838,-0.003234387248059134,-0.000889175311199919,-0.0038526724451495298,-0.008008137904866208,-3.4373206963644876e-05,-0.0006757227589271331,-0.00034206456454177747,-0.0002564127799831173,-0.002209579711119769,0.0025152746543711225,5,-13.671919594000542,-18.277320512062154,-13.50281842980756,-16.43188817037761,-18.334930751311852,-13.660204019578519,-14.640343930202363,-8.765625010341422,-18.300611683409116,-14.174356919671961,-14.97600190207631,2.8333734129003667,5
6,0.1,0.000408482551574707,0.0009348735365846192,0.0005207300186157226,0.000946404623103102,0.8,{'alpha': 0.8},-10.86363880479348,-12.392428476733837,-12.79387835822137,-9.526162430306922,-14.739053189292905,-9.981000532336248,-12.823352289143473,-7.559417300011443,-12.921352102806647,-9.301607683128744,-11.290189116677507,2.0799707418168922,5,-0.004602449389551788,-0.00020040150195543838,-0.003234387248059134,-0.000889175311199919,-0.0038526724451495298,-0.008008137904866208,-3.4373206963644876e-05,-0.0006757227589271331,-0.00034206456454177747,-0.0002564127799831173,-0.002209579711119769,0.0025152746543711225,5,-13.671919594000542,-18.277320512062154,-13.50281842980756,-16.43188817037761,-18.334930751311852,-13.660204019578519,-14.640343930202363,-8.765625010341422,-18.300611683409116,-14.174356919671961,-14.97600190207631,2.8333734129003667,5
6,0.1,0.0011333942413330079,0.0007134819591004248,0.00019979476928710938,0.00039958953857421875,0.9,{'alpha': 0.9},-10.86363880479348,-12.392428476733837,-12.79387835822137,-9.526162430306922,-14.739053189292905,-9.981000532336248,-12.823352289143473,-7.559417300011443,-12.921352102806647,-9.301607683128744,-11.290189116677507,2.0799707418168922,5,-0.004602449389551788,-0.00020040150195543838,-0.003234387248059134,-0.000889175311199919,-0.0038526724451495298,-0.008008137904866208,-3.4373206963644876e-05,-0.0006757227589271331,-0.00034206456454177747,-0.0002564127799831173,-0.002209579711119769,0.0025152746543711225,5,-13.671919594000542,-18.277320512062154,-13.50281842980756,-16.43188817037761,-18.334930751311852,-13.660204019578519,-14.640343930202363,-8.765625010341422,-18.300611683409116,-14.174356919671961,-14.97600190207631,2.8333734129003667,5
6,0.1,0.0005996227264404297,0.0004895909818824272,0.00040030479431152344,0.0004902725018042271,1.0,{'alpha': 1.0},-10.86363880479348,-12.392428476733837,-12.79387835822137,-9.526162430306922,-14.739053189292905,-9.981000532336248,-12.823352289143473,-7.559417300011443,-12.921352102806647,-9.301607683128744,-11.290189116677507,2.0799707418168922,5,-0.004602449389551788,-0.00020040150195543838,-0.003234387248059134,-0.000889175311199919,-0.0038526724451495298,-0.008008137904866208,-3.4373206963644876e-05,-0.0006757227589271331,-0.00034206456454177747,-0.0002564127799831173,-0.002209579711119769,0.0025152746543711225,5,-13.671919594000542,-18.277320512062154,-13.50281842980756,-16.43188817037761,-18.334930751311852,-13.660204019578519,-14.640343930202363,-8.765625010341422,-18.300611683409116,-14.174356919671961,-14.97600190207631,2.8333734129003667,5
8,0.1,0.0006960391998291016,0.00106679477239068,0.0007170200347900391,0.0009670348750104028,0.1,{'alpha': 0.1},-8.152655026754415,-9.375776405663567,-10.45929538903952,-7.517754479690558,-12.078692781077175,-7.839067676221392,-9.987247373999507,-6.080127182795585,-10.449892307128092,-7.177900313869042,-8.911840893623886,1.7566086263181588,1,0.24609264390383767,0.2432754126486718,0.17983237710505418,0.21012903817060646,0.17734009965195363,0.2083114327448521,0.22114042860881233,0.19514488727842016,0.19099280308915645,0.22811829268336314,0.2100377415884728,0.023289203177568576,1,-11.871004197711624,-16.641953401635412,-11.724869669838762,-14.080007657441465,-16.697238962877336,-10.880338757891577,-12.928991522170953,-7.709591408824742,-16.53047642844493,-11.843658547719837,-13.090813055455664,2.7785923459797415,1
8,0.1,0.0006072759628295898,0.0006110215742416163,0.0001108407974243164,0.0003325223922729493,0.2,{'alpha': 0.2},-9.325610407806957,-10.870714713615763,-11.27041931575981,-8.186813048659332,-13.177056160412839,-8.707195399439573,-11.34642418013252,-6.393682435951117,-11.456159399187973,-7.897429490970271,-9.863150455193615,1.9761552717927102,2,0.1376249499751604,0.12261803716801645,0.11622794123181845,0.13983278989337966,0.10253237628591227,0.12063687477747365,0.1151444694593926,0.15363809950315133,0.11308986442100477,0.15074310141581204,0.12720885041311217,0.01630611965139508,2,-12.658965108938734,-17.55854304386947,-12.632263531014956,-15.22569907883739,-17.51050008472647,-12.11981824162165,-13.920781835083034,-7.636714068097111,-17.418457633817226,-13.088818055491162,-13.977056068149718,2.9445180081448643,2
8,0.1,0.0009957313537597655,0.0015396444627468833,0.0006946563720703125,0.001404627024970138,0.30000000000000004,{'alpha': 0.30000000000000004},-10.416954085387937,-11.95339564309787,-12.371861228637224,-9.071677044556573,-14.300983314482133,-9.580166164993273,-12.375964310130788,-7.110747372559017,-12.474304784042253,-8.857018058427144,-10.851307200631421,2.081493980260288,3,0.036704204051622114,0.035234204176799344,0.02985816565513999,0.04686242521656947,0.025983546265694546,0.032473204914889475,0.03485536132454914,0.058716831735051156,0.034267334997728494,0.04755291635027303,0.03825081946883167,0.009342050896072077,3,-13.486779615077703,-18.060064553215927,-13.320932794447922,-16.14649349616894,-18.117401020377272,-13.38423159262822,-14.473961939952959,-8.489239464023981,-18.033665309430862,-14.020061343254383,-14.753283112857819,2.834393643142732,3
8,0.1,0.00034062862396240235,0.001021885871887207,0.0006812572479248047,0.0013625144958496094,0.4,{'alpha': 0.4},-10.86363880479348,-12.392428476733837,-12.79387835822137,-9.526162430306922,-14.739053189292905,-9.885153675687015,-12.823352289143473,-7.4918762889625725,-12.921352102806647,-9.27409509662882,-11.271099071257705,2.1009043143334005,4,-0.004602449389551788,-0.00020040150195543838,-0.003234387248059134,-0.000889175311199919,-0.0038526724451495298,0.0016716944107435516,-3.4373206963644876e-05,0.008264999437623044,-0.00034206456454177747,0.0027021769623718495,-5.166528566827866e-05,0.0035470510939155497,4,-13.671919594000542,-18.277320512062154,-13.50281842980756,-16.43188817037761,-18.334930751311852,-13.60360334019883,-14.640343930202363,-8.730216290930782,-18.300611683409116,-14.165918104042916,-14.965957080634377,2.8440438037239577,4
8,0.1,0.0012830734252929688,0.0025661468505859377,0.0012830734252929688,0.0025661468505859377,0.5,{'alpha': 0.5},-10.86363880479348,-12.392428476733837,-12.79387835822137,-9.526162430306922,-14.739053189292905,-9.981000532336248,-12.823352289143473,-7.559417300011443,-12.921352102806647,-9.301607683128744,-11.290189116677507,2.0799707418168922,5,-0.004602449389551788,-0.00020040150195543838,-0.003234387248059134,-0.000889175311199919,-0.0038526724451495298,-0.008008137904866208,-3.4373206963644876e-05,-0.0006757227589271331,-0.00034206456454177747,-0.0002564127799831173,-0.002209579711119769,0.0025152746543711225,5,-13.671919594000542,-18.277320512062154,-13.50281842980756,-16.43188817037761,-18.334930751311852,-13.660204019578519,-14.640343930202363,-8.765625010341422,-18.300611683409116,-14.174356919671961,-14.97600190207631,2.8333734129003667,5
8,0.1,0.0,0.0,0.0,0.0,0.6,{'alpha': 0.6},-10.86363880479348,-12.392428476733837,-12.79387835822137,-9.526162430306922,-14.739053189292905,-9.981000532336248,-12.823352289143473,-7.559417300011443,-12.921352102806647,-9.301607683128744,-11.290189116677507,2.0799707418168922,5,-0.004602449389551788,-0.00020040150195543838,-0.003234387248059134,-0.000889175311199919,-0.0038526724451495298,-0.008008137904866208,-3.4373206963644876e-05,-0.0006757227589271331,-0.00034206456454177747,-0.0002564127799831173,-0.002209579711119769,0.0025152746543711225,5,-13.671919594000542,-18.277320512062154,-13.50281842980756,-16.43188817037761,-18.334930751311852,-13.660204019578519,-14.640343930202363,-8.765625010341422,-18.300611683409116,-14.174356919671961,-14.97600190207631,2.8333734129003667,5
8,0.1,0.0,0.0,0.0,0.0,0.7000000000000001,{'alpha': 0.7000000000000001},-10.86363880479348,-12.392428476733837,-12.79387835822137,-9.526162430306922,-14.739053189292905,-9.981000532336248,-12.823352289143473,-7.559417300011443,-12.921352102806647,-9.301607683128744,-11.290189116677507,2.0799707418168922,5,-0.004602449389551788,-0.00020040150195543838,-0.003234387248059134,-0.000889175311199919,-0.0038526724451495298,-0.008008137904866208,-3.4373206963644876e-05,-0.0006757227589271331,-0.00034206456454177747,-0.0002564127799831173,-0.002209579711119769,0.0025152746543711225,5,-13.671919594000542,-18.277320512062154,-13.50281842980756,-16.43188817037761,-18.334930751311852,-13.660204019578519,-14.640343930202363,-8.765625010341422,-18.300611683409116,-14.174356919671961,-14.97600190207631,2.8333734129003667,5
8,0.1,0.0009514093399047852,0.0028542280197143555,0.0019028186798095703,0.0038056373596191406,0.8,{'alpha': 0.8},-10.86363880479348,-12.392428476733837,-12.79387835822137,-9.526162430306922,-14.739053189292905,-9.981000532336248,-12.823352289143473,-7.559417300011443,-12.921352102806647,-9.301607683128744,-11.290189116677507,2.0799707418168922,5,-0.004602449389551788,-0.00020040150195543838,-0.003234387248059134,-0.000889175311199919,-0.0038526724451495298,-0.008008137904866208,-3.4373206963644876e-05,-0.0006757227589271331,-0.00034206456454177747,-0.0002564127799831173,-0.002209579711119769,0.0025152746543711225,5,-13.671919594000542,-18.277320512062154,-13.50281842980756,-16.43188817037761,-18.334930751311852,-13.660204019578519,-14.640343930202363,-8.765625010341422,-18.300611683409116,-14.174356919671961,-14.97600190207631,2.8333734129003667,5
8,0.1,0.0015723228454589844,0.0028044090515044993,0.0002069711685180664,0.0006209135055541992,0.9,{'alpha': 0.9},-10.86363880479348,-12.392428476733837,-12.79387835822137,-9.526162430306922,-14.739053189292905,-9.981000532336248,-12.823352289143473,-7.559417300011443,-12.921352102806647,-9.301607683128744,-11.290189116677507,2.0799707418168922,5,-0.004602449389551788,-0.00020040150195543838,-0.003234387248059134,-0.000889175311199919,-0.0038526724451495298,-0.008008137904866208,-3.4373206963644876e-05,-0.0006757227589271331,-0.00034206456454177747,-0.0002564127799831173,-0.002209579711119769,0.0025152746543711225,5,-13.671919594000542,-18.277320512062154,-13.50281842980756,-16.43188817037761,-18.334930751311852,-13.660204019578519,-14.640343930202363,-8.765625010341422,-18.300611683409116,-14.174356919671961,-14.97600190207631,2.8333734129003667,5
8,0.1,0.0,0.0,0.0011448860168457031,0.0018719607542625413,1.0,{'alpha': 1.0},-10.86363880479348,-12.392428476733837,-12.79387835822137,-9.526162430306922,-14.739053189292905,-9.981000532336248,-12.823352289143473,-7.559417300011443,-12.921352102806647,-9.301607683128744,-11.290189116677507,2.0799707418168922,5,-0.004602449389551788,-0.00020040150195543838,-0.003234387248059134,-0.000889175311199919,-0.0038526724451495298,-0.008008137904866208,-3.4373206963644876e-05,-0.0006757227589271331,-0.00034206456454177747,-0.0002564127799831173,-0.002209579711119769,0.0025152746543711225,5,-13.671919594000542,-18.277320512062154,-13.50281842980756,-16.43188817037761,-18.334930751311852,-13.660204019578519,-14.640343930202363,-8.765625010341422,-18.300611683409116,-14.174356919671961,-14.97600190207631,2.8333734129003667,5
10,0.1,0.0,0.0,0.0,0.0,0.1,{'alpha': 0.1},-8.152658546692711,-9.375780160617577,-10.459298045545928,-7.517756267683263,-12.078696030936918,-7.839070922294509,-9.987251177529593,-6.0801284321300635,-10.449896496194894,-7.177902612898488,-8.911843869252396,1.7566092244425695,1,0.2460923184016096,0.2432751095840615,0.1798321687946024,0.21012885031085105,0.17733987830935138,0.20831110491518134,0.22114013198896298,0.1951447218981226,0.19099247878101133,0.22811804545524683,0.21003748084390012,0.023289173744505565,1,-11.871006766390733,-16.641956155012693,-11.724872541552653,-14.080009662007464,-16.69724180384426,-10.880341188168472,-12.928994462411763,-7.70958675030931,-16.530478948083548,-11.84365937763491,-13.09081476554158,2.778593850436132,1
10,0.1,0.0011616230010986328,0.0034848690032958985,0.0023738384246826173,0.0046236183881520326,0.2,{'alpha': 0.2},-9.32561409714105,-10.87071869089636,-11.270421866721687,-8.18681497074332,-13.177059247597036,-8.707198611336672,-11.346427869544884,-6.393684137856709,-11.45616259233878,-7.897432080818347,-9.863153416499484,1.9761557005727688,2,0.13762460880825178,0.12261771615929273,0.1162277411976611,0.13983258794500086,0.10253216602287407,0.12063655039933097,0.11514418173906038,0.15363787421388098,0.11308961721443966,0.15074282291426333,0.1272085866614056,0.01630611560706228,2,-12.658966906118952,-17.558544862303755,-12.632265589518502,-15.225701199515248,-17.510502059004196,-12.119824021627556,-13.920784144703095,-7.636716736772493,-17.418459293023947,-13.088820019174939,-13.977058483176268,2.9445175727667263,2
10,0.1,0.0004517793655395508,0.0011962445275836278,0.00040118694305419923,0.0012035608291625975,0.30000000000000004,{'alpha': 0.30000000000000004},-10.41695409135708,-11.953395649026264,-12.371861234290781,-9.07167704947966,-14.300983320819059,-9.580166168431287,-12.375964315471878,-7.110749276203751,-12.474304789031448,-8.857018062639096,-10.851307395675033,2.081493639563231,3,0.03670420349963255,0.03523420369831509,0.02985816521181517,0.046862424699313454,0.0259835458340969,0.032473204567674996,0.03485536090802199,0.05871657974061906,0.03426733461147613,0.04755291589733723,0.03825079386683026,0.009341995772157066,3,-13.486779615244146,-18.060064556129745,-13.320932796577416,-16.146493501724425,-18.117401024229626,-13.384231591064513,-14.47396194264696,-8.489241105310207,-18.033665311515215,-14.020061340165157,-14.753283278460742,2.8343932817418707,3
10,0.1,0.0,0.0,0.0,0.0,0.4,{'alpha': 0.4},-10.86363880479348,-12.392428476733837,-12.79387835822137,-9.526162430306922,-14.739053189292905,-9.88515367962175,-12.823352289143473,-7.491876294336721,-12.921352102806647,-9.274095102795373,-11.271099072805248,2.1009043125209397,4,-0.004602449389551788,-0.00020040150195543838,-0.003234387248059134,-0.000889175311199919,-0.0038526724451495298,0.001671694013364089,-3.4373206963644876e-05,0.008264998726221662,-0.00034206456454177747,0.002702176299246184,-5.16654628589297e-05,0.0035470508563250087,4,-13.671919594000542,-18.277320512062154,-13.50281842980756,-16.43188817037761,-18.334930751311852,-13.603603341714557,-14.640343930202363,-8.730216293898422,-18.300611683409116,-14.165918105679983,-14.965957081246419,2.844043802954627,4
10,0.1,0.0019581794738769533,0.003794132189686338,0.0009790897369384766,0.002772205274139391,0.5,{'alpha': 0.5},-10.86363880479348,-12.392428476733837,-12.79387835822137,-9.526162430306922,-14.739053189292905,-9.981000532336248,-12.823352289143473,-7.559417300011443,-12.921352102806647,-9.301607683128744,-11.290189116677507,2.0799707418168922,5,-0.004602449389551788,-0.00020040150195543838,-0.003234387248059134,-0.000889175311199919,-0.0038526724451495298,-0.008008137904866208,-3.4373206963644876e-05,-0.0006757227589271331,-0.00034206456454177747,-0.0002564127799831173,-0.002209579711119769,0.0025152746543711225,5,-13.671919594000542,-18.277320512062154,-13.50281842980756,-16.43188817037761,-18.334930751311852,-13.660204019578519,-14.640343930202363,-8.765625010341422,-18.300611683409116,-14.174356919671961,-14.97600190207631,2.8333734129003667,5
10,0.1,5.075931549072266e-05,0.00015227794647216798,0.0003485679626464844,0.0010457038879394531,0.6,{'alpha': 0.6},-10.86363880479348,-12.392428476733837,-12.79387835822137,-9.526162430306922,-14.739053189292905,-9.981000532336248,-12.823352289143473,-7.559417300011443,-12.921352102806647,-9.301607683128744,-11.290189116677507,2.0799707418168922,5,-0.004602449389551788,-0.00020040150195543838,-0.003234387248059134,-0.000889175311199919,-0.0038526724451495298,-0.008008137904866208,-3.4373206963644876e-05,-0.0006757227589271331,-0.00034206456454177747,-0.0002564127799831173,-0.002209579711119769,0.0025152746543711225,5,-13.671919594000542,-18.277320512062154,-13.50281842980756,-16.43188817037761,-18.334930751311852,-13.660204019578519,-14.640343930202363,-8.765625010341422,-18.300611683409116,-14.174356919671961,-14.97600190207631,2.8333734129003667,5
10,0.1,0.0007989883422851562,0.0013577480233086655,0.0006563901901245117,0.0011226100688551642,0.7000000000000001,{'alpha': 0.7000000000000001},-10.86363880479348,-12.392428476733837,-12.79387835822137,-9.526162430306922,-14.739053189292905,-9.981000532336248,-12.823352289143473,-7.559417300011443,-12.921352102806647,-9.301607683128744,-11.290189116677507,2.0799707418168922,5,-0.004602449389551788,-0.00020040150195543838,-0.003234387248059134,-0.000889175311199919,-0.0038526724451495298,-0.008008137904866208,-3.4373206963644876e-05,-0.0006757227589271331,-0.00034206456454177747,-0.0002564127799831173,-0.002209579711119769,0.0025152746543711225,5,-13.671919594000542,-18.277320512062154,-13.50281842980756,-16.43188817037761,-18.334930751311852,-13.660204019578519,-14.640343930202363,-8.765625010341422,-18.300611683409116,-14.174356919671961,-14.97600190207631,2.8333734129003667,5
10,0.1,0.0006865739822387695,0.0009680852752869669,0.0003785133361816406,0.0007607075425179816,0.8,{'alpha': 0.8},-10.86363880479348,-12.392428476733837,-12.79387835822137,-9.526162430306922,-14.739053189292905,-9.981000532336248,-12.823352289143473,-7.559417300011443,-12.921352102806647,-9.301607683128744,-11.290189116677507,2.0799707418168922,5,-0.004602449389551788,-0.00020040150195543838,-0.003234387248059134,-0.000889175311199919,-0.0038526724451495298,-0.008008137904866208,-3.4373206963644876e-05,-0.0006757227589271331,-0.00034206456454177747,-0.0002564127799831173,-0.002209579711119769,0.0025152746543711225,5,-13.671919594000542,-18.277320512062154,-13.50281842980756,-16.43188817037761,-18.334930751311852,-13.660204019578519,-14.640343930202363,-8.765625010341422,-18.300611683409116,-14.174356919671961,-14.97600190207631,2.8333734129003667,5
10,0.1,0.00031464099884033204,0.000632953902890835,0.0004567384719848633,0.0007020943585341805,0.9,{'alpha': 0.9},-10.86363880479348,-12.392428476733837,-12.79387835822137,-9.526162430306922,-14.739053189292905,-9.981000532336248,-12.823352289143473,-7.559417300011443,-12.921352102806647,-9.301607683128744,-11.290189116677507,2.0799707418168922,5,-0.004602449389551788,-0.00020040150195543838,-0.003234387248059134,-0.000889175311199919,-0.0038526724451495298,-0.008008137904866208,-3.4373206963644876e-05,-0.0006757227589271331,-0.00034206456454177747,-0.0002564127799831173,-0.002209579711119769,0.0025152746543711225,5,-13.671919594000542,-18.277320512062154,-13.50281842980756,-16.43188817037761,-18.334930751311852,-13.660204019578519,-14.640343930202363,-8.765625010341422,-18.300611683409116,-14.174356919671961,-14.97600190207631,2.8333734129003667,5
10,0.1,0.0,0.0,0.0,0.0,1.0,{'alpha': 1.0},-10.86363880479348,-12.392428476733837,-12.79387835822137,-9.526162430306922,-14.739053189292905,-9.981000532336248,-12.823352289143473,-7.559417300011443,-12.921352102806647,-9.301607683128744,-11.290189116677507,2.0799707418168922,5,-0.004602449389551788,-0.00020040150195543838,-0.003234387248059134,-0.000889175311199919,-0.0038526724451495298,-0.008008137904866208,-3.4373206963644876e-05,-0.0006757227589271331,-0.00034206456454177747,-0.0002564127799831173,-0.002209579711119769,0.0025152746543711225,5,-13.671919594000542,-18.277320512062154,-13.50281842980756,-16.43188817037761,-18.334930751311852,-13.660204019578519,-14.640343930202363,-8.765625010341422,-18.300611683409116,-14.174356919671961,-14.97600190207631,2.8333734129003667,5
12,0.1,0.0006845712661743164,0.0005728089106713346,0.0005775928497314453,0.0005906934231834307,0.1,{'alpha': 0.1},-8.152658432258791,-9.375779913162697,-10.459297675257496,-7.517755952704688,-12.07869571128181,-7.839070731579292,-9.987251210730856,-6.080128365013191,-10.44989617086853,-7.177902839317971,-8.911843700217531,1.7566091312666947,1,0.24609232898375433,0.2432751295562945,0.1798321978308398,0.21012888340483293,0.17733990008053502,0.20831112417602504,0.22114012939974892,0.19514473078269956,0.1909925039670478,0.22811802110703217,0.21003749492888096,0.023289166639340855,1,-11.87100646726122,-16.641955879254457,-11.724872255261705,-14.080010438614657,-16.69724140895139,-10.880340893278388,-12.928993954062893,-7.709587405065996,-16.530478614584915,-11.843659770980254,-13.090814708731589,2.7785936594680334,1
12,0.1,0.0005999326705932618,0.0004898467041649029,0.0006000995635986328,0.0004899832210862397,0.2,{'alpha': 0.2},-9.325614096597828,-10.870718784783445,-11.270421725622622,-8.186814920540698,-13.177059202096792,-8.707198594408787,-11.34642783727997,-6.393684126227554,-11.45616256559148,-7.897432162093357,-9.863153401524254,1.9761556823243391,2,0.1376246088584857,0.12261770858160925,0.1162277522619709,0.13983259321966013,0.10253216912182084,0.12063655210892377,0.11514418425525286,0.15363787575328702,0.11308961928515548,0.15074281417428503,0.1272085877620451,0.0163061135716351,2,-12.658966820685869,-17.558544832227902,-12.632265504253795,-15.22570158302544,-17.510501954481615,-12.119823774186512,-13.920783942302165,-7.636716344529255,-17.418459217021567,-13.088820092115263,-13.97705840648294,2.9445176699187217,2
12,0.1,0.0006005287170410157,0.0004903310121730394,0.00030014514923095705,0.00045847998704257227,0.30000000000000004,{'alpha': 0.30000000000000004},-10.416954091215848,-11.953395649009984,-12.37186123433871,-9.071677049373754,-14.300983320926653,-9.58016616806742,-12.37596431530058,-7.110749267224819,-12.47430478878305,-8.85701806275079,-10.851307394699159,2.0814936411888705,3,0.03670420351269288,0.03523420369962904,0.02985816520805684,0.046862424710440664,0.025983545826768872,0.032473204604422934,0.03485536092138075,0.05871658092920262,0.034267334630706636,0.047552915885326175,0.03825079399286274,0.009341996029836366,3,-13.486779614100119,-18.06006455631303,-13.320932796540264,-16.146493501958744,-18.117401024684533,-13.384231589566937,-14.473961940794812,-8.489241082501424,-18.033665311818574,-14.020061340894511,-14.753283275917294,2.8343932870293576,3
12,0.1,0.000550389289855957,0.0005584027316059733,0.0006414651870727539,0.0005264249751649079,0.4,{'alpha': 0.4},-10.86363880479348,-12.392428476733837,-12.79387835822137,-9.526162430306922,-14.739053189292905,-9.885153679692745,-12.823352289143473,-7.491876294513057,-12.921352102806647,-9.274095101699777,-11.271099072720421,2.1009043125886775,4,-0.004602449389551788,-0.00020040150195543838,-0.003234387248059134,-0.000889175311199919,-0.0038526724451495298,0.0016716940061940466,-3.4373206963644876e-05,0.008264998702879223,-0.00034206456454177747,0.002702176417062052,-5.166545412859103e-05,0.0035470508596505456,4,-13.671919594000542,-18.277320512062154,-13.50281842980756,-16.43188817037761,-18.334930751311852,-13.603603341483678,-14.640343930202363,-8.730216293693942,-18.300611683409116,-14.165918105383616,-14.965957081173244,2.844043803018857,4
12,0.1,0.0007923126220703125,0.0005257481911378422,0.00035288333892822263,0.0005405189752168167,0.5,{'alpha': 0.5},-10.86363880479348,-12.392428476733837,-12.79387835822137,-9.526162430306922,-14.739053189292905,-9.981000532336248,-12.823352289143473,-7.559417300011443,-12.921352102806647,-9.301607683128744,-11.290189116677507,2.0799707418168922,5,-0.004602449389551788,-0.00020040150195543838,-0.003234387248059134,-0.000889175311199919,-0.0038526724451495298,-0.008008137904866208,-3.4373206963644876e-05,-0.0006757227589271331,-0.00034206456454177747,-0.0002564127799831173,-0.002209579711119769,0.0025152746543711225,5,-13.671919594000542,-18.277320512062154,-13.50281842980756,-16.43188817037761,-18.334930751311852,-13.660204019578519,-14.640343930202363,-8.765625010341422,-18.300611683409116,-14.174356919671961,-14.97600190207631,2.8333734129003667,5
12,0.1,0.0006394147872924805,0.0005261374665976368,0.0006394147872924805,0.0005261374665976368,0.6,{'alpha': 0.6},-10.86363880479348,-12.392428476733837,-12.79387835822137,-9.526162430306922,-14.739053189292905,-9.981000532336248,-12.823352289143473,-7.559417300011443,-12.921352102806647,-9.301607683128744,-11.290189116677507,2.0799707418168922,5,-0.004602449389551788,-0.00020040150195543838,-0.003234387248059134,-0.000889175311199919,-0.0038526724451495298,-0.008008137904866208,-3.4373206963644876e-05,-0.0006757227589271331,-0.00034206456454177747,-0.0002564127799831173,-0.002209579711119769,0.0025152746543711225,5,-13.671919594000542,-18.277320512062154,-13.50281842980756,-16.43188817037761,-18.334930751311852,-13.660204019578519,-14.640343930202363,-8.765625010341422,-18.300611683409116,-14.174356919671961,-14.97600190207631,2.8333734129003667,5
12,0.1,0.0008033990859985351,0.000401719317273702,0.0003003835678100586,0.0004588436813475098,0.7000000000000001,{'alpha': 0.7000000000000001},-10.86363880479348,-12.392428476733837,-12.79387835822137,-9.526162430306922,-14.739053189292905,-9.981000532336248,-12.823352289143473,-7.559417300011443,-12.921352102806647,-9.301607683128744,-11.290189116677507,2.0799707418168922,5,-0.004602449389551788,-0.00020040150195543838,-0.003234387248059134,-0.000889175311199919,-0.0038526724451495298,-0.008008137904866208,-3.4373206963644876e-05,-0.0006757227589271331,-0.00034206456454177747,-0.0002564127799831173,-0.002209579711119769,0.0025152746543711225,5,-13.671919594000542,-18.277320512062154,-13.50281842980756,-16.43188817037761,-18.334930751311852,-13.660204019578519,-14.640343930202363,-8.765625010341422,-18.300611683409116,-14.174356919671961,-14.97600190207631,2.8333734129003667,5
12,0.1,0.0008020639419555664,0.00040106419403673874,0.00030007362365722654,0.000458370444863042,0.8,{'alpha': 0.8},-10.86363880479348,-12.392428476733837,-12.79387835822137,-9.526162430306922,-14.739053189292905,-9.981000532336248,-12.823352289143473,-7.559417300011443,-12.921352102806647,-9.301607683128744,-11.290189116677507,2.0799707418168922,5,-0.004602449389551788,-0.00020040150195543838,-0.003234387248059134,-0.000889175311199919,-0.0038526724451495298,-0.008008137904866208,-3.4373206963644876e-05,-0.0006757227589271331,-0.00034206456454177747,-0.0002564127799831173,-0.002209579711119769,0.0025152746543711225,5,-13.671919594000542,-18.277320512062154,-13.50281842980756,-16.43188817037761,-18.334930751311852,-13.660204019578519,-14.640343930202363,-8.765625010341422,-18.300611683409116,-14.174356919671961,-14.97600190207631,2.8333734129003667,5
12,0.1,0.000603175163269043,0.0004925359060592587,0.00030128955841064454,0.00046025513413933713,0.9,{'alpha': 0.9},-10.86363880479348,-12.392428476733837,-12.79387835822137,-9.526162430306922,-14.739053189292905,-9.981000532336248,-12.823352289143473,-7.559417300011443,-12.921352102806647,-9.301607683128744,-11.290189116677507,2.0799707418168922,5,-0.004602449389551788,-0.00020040150195543838,-0.003234387248059134,-0.000889175311199919,-0.0038526724451495298,-0.008008137904866208,-3.4373206963644876e-05,-0.0006757227589271331,-0.00034206456454177747,-0.0002564127799831173,-0.002209579711119769,0.0025152746543711225,5,-13.671919594000542,-18.277320512062154,-13.50281842980756,-16.43188817037761,-18.334930751311852,-13.660204019578519,-14.640343930202363,-8.765625010341422,-18.300611683409116,-14.174356919671961,-14.97600190207631,2.8333734129003667,5
12,0.1,0.0003003835678100586,0.00045884508123526975,0.000800466537475586,0.00040023861952109217,1.0,{'alpha': 1.0},-10.86363880479348,-12.392428476733837,-12.79387835822137,-9.526162430306922,-14.739053189292905,-9.981000532336248,-12.823352289143473,-7.559417300011443,-12.921352102806647,-9.301607683128744,-11.290189116677507,2.0799707418168922,5,-0.004602449389551788,-0.00020040150195543838,-0.003234387248059134,-0.000889175311199919,-0.0038526724451495298,-0.008008137904866208,-3.4373206963644876e-05,-0.0006757227589271331,-0.00034206456454177747,-0.0002564127799831173,-0.002209579711119769,0.0025152746543711225,5,-13.671919594000542,-18.277320512062154,-13.50281842980756,-16.43188817037761,-18.334930751311852,-13.660204019578519,-14.640343930202363,-8.765625010341422,-18.300611683409116,-14.174356919671961,-14.97600190207631,2.8333734129003667,5
14,0.1,0.001067042350769043,0.003201127052307129,0.00010943412780761719,0.00032830238342285156,0.1,{'alpha': 0.1},-8.1526585685864,-9.375779744146342,-10.459297733677236,-7.517756128351125,-12.078695535380666,-7.839070721332366,-9.987250810957171,-6.080128280111653,-10.449895991650886,-7.17790261727055,-8.91184361314644,1.7566090764698017,1,0.24609231637701612,0.24327514319770682,0.1798321932498449,0.2101288649501175,0.17733991206087263,0.20831112521088968,0.22114016057626318,0.19514474202151655,0.19099251784167548,0.22811804498509325,0.21003750204709962,0.023289167018464108,1,-11.871006321272752,-16.641955598316496,-11.724872088719131,-14.080009515980818,-16.69724115016532,-10.880340611171503,-12.928993729688287,-7.709586953260397,-16.53047835562333,-11.843659130495872,-13.090814345469392,2.778593679664092,1
14,0.1,0.0008119344711303711,0.00040687699459527325,0.0002004861831665039,0.00040097236987710603,0.2,{'alpha': 0.2},-9.325613810417718,-10.870718474338975,-11.270421624930895,-8.18681484325712,-13.177058983057552,-8.707198399039942,-11.346427630372345,-6.393684027468774,-11.456162353221385,-7.897431955242294,-9.863153210134701,1.97615565362716,2,0.137624635322661,0.12261773363777029,0.11622776015773162,0.13983260133964526,0.10253218404022313,0.12063657183974974,0.1151442003910288,0.15363788882645246,0.11308963572637132,0.15074283641819253,0.1272086047699826,0.016306114312634037,2,-12.65896663713594,-17.55854465834774,-12.632265352436002,-15.225701044633208,-17.510501789514052,-12.119823874817566,-13.920783837737936,-7.636716308338388,-17.41845905193854,-13.08881973279307,-13.977058228769243,2.9445176144829737,2
14,0.1,0.0006387472152709961,0.0005340220389478768,0.0005399465560913086,0.0005513982415197,0.30000000000000004,{'alpha': 0.30000000000000004},-10.416954091114958,-11.953395648946456,-12.371861234128874,-9.07167704927006,-14.300983320867138,-9.580166168086402,-12.375964315196466,-7.110749127868863,-12.474304788743277,-8.85701806263504,-10.851307380685753,2.081493666213518,3,0.03670420352202253,0.035234203704756384,0.029858165224511235,0.046862424721335616,0.025983545830822297,0.03247320460250591,0.034855360929500145,0.05871659937640772,0.03426733463378573,0.04755291589777344,0.0382507958443421,0.009342000070726275,3,-13.486779614721637,-18.06006455579069,-13.320932796147892,-16.14649350131903,-18.117401024162586,-13.384231590495421,-14.473961941160965,-8.4892409666467,-18.03366531096711,-14.020061341399765,-14.753283264281176,2.83439331231104,3
14,0.1,0.000500941276550293,0.0005009492014571772,0.0005003929138183594,0.0005003949426668396,0.4,{'alpha': 0.4},-10.86363880479348,-12.392428476733837,-12.79387835822137,-9.526162430306922,-14.739053189292905,-9.885153679585688,-12.823352289143473,-7.491876294301689,-12.921352102806647,-9.27409510180931,-11.271099072699533,2.10090431262335,4,-0.004602449389551788,-0.00020040150195543838,-0.003234387248059134,-0.000889175311199919,-0.0038526724451495298,0.0016716940170060646,-3.4373206963644876e-05,0.008264998730859063,-0.00034206456454177747,0.002702176405283252,-5.166545142728518e-05,0.003547050865821728,4,-13.671919594000542,-18.277320512062154,-13.50281842980756,-16.43188817037761,-18.334930751311852,-13.603603341607876,-14.640343930202363,-8.730216293657254,-18.300611683409116,-14.165918105446675,-14.965957081188298,2.844043803019178,4
14,0.1,0.0007112741470336914,0.0003886238789964484,0.0004515647888183594,0.0004519666612611693,0.5,{'alpha': 0.5},-10.86363880479348,-12.392428476733837,-12.79387835822137,-9.526162430306922,-14.739053189292905,-9.981000532336248,-12.823352289143473,-7.559417300011443,-12.921352102806647,-9.301607683128744,-11.290189116677507,2.0799707418168922,5,-0.004602449389551788,-0.00020040150195543838,-0.003234387248059134,-0.000889175311199919,-0.0038526724451495298,-0.008008137904866208,-3.4373206963644876e-05,-0.0006757227589271331,-0.00034206456454177747,-0.0002564127799831173,-0.002209579711119769,0.0025152746543711225,5,-13.671919594000542,-18.277320512062154,-13.50281842980756,-16.43188817037761,-18.334930751311852,-13.660204019578519,-14.640343930202363,-8.765625010341422,-18.300611683409116,-14.174356919671961,-14.97600190207631,2.8333734129003667,5
14,0.1,0.0006000280380249023,0.0004899227298230742,0.0003003597259521484,0.00045880820391668123,0.6,{'alpha': 0.6},-10.86363880479348,-12.392428476733837,-12.79387835822137,-9.526162430306922,-14.739053189292905,-9.981000532336248,-12.823352289143473,-7.559417300011443,-12.921352102806647,-9.301607683128744,-11.290189116677507,2.0799707418168922,5,-0.004602449389551788,-0.00020040150195543838,-0.003234387248059134,-0.000889175311199919,-0.0038526724451495298,-0.008008137904866208,-3.4373206963644876e-05,-0.0006757227589271331,-0.00034206456454177747,-0.0002564127799831173,-0.002209579711119769,0.0025152746543711225,5,-13.671919594000542,-18.277320512062154,-13.50281842980756,-16.43188817037761,-18.334930751311852,-13.660204019578519,-14.640343930202363,-8.765625010341422,-18.300611683409116,-14.174356919671961,-14.97600190207631,2.8333734129003667,5
14,0.1,0.00040013790130615233,0.0004900689578582193,0.0006563901901245117,0.00044816595598725587,0.7000000000000001,{'alpha': 0.7000000000000001},-10.86363880479348,-12.392428476733837,-12.79387835822137,-9.526162430306922,-14.739053189292905,-9.981000532336248,-12.823352289143473,-7.559417300011443,-12.921352102806647,-9.301607683128744,-11.290189116677507,2.0799707418168922,5,-0.004602449389551788,-0.00020040150195543838,-0.003234387248059134,-0.000889175311199919,-0.0038526724451495298,-0.008008137904866208,-3.4373206963644876e-05,-0.0006757227589271331,-0.00034206456454177747,-0.0002564127799831173,-0.002209579711119769,0.0025152746543711225,5,-13.671919594000542,-18.277320512062154,-13.50281842980756,-16.43188817037761,-18.334930751311852,-13.660204019578519,-14.640343930202363,-8.765625010341422,-18.300611683409116,-14.174356919671961,-14.97600190207631,2.8333734129003667,5
14,0.1,0.0006766080856323242,0.0005129738647068791,0.00046291351318359373,0.0004237831218592794,0.8,{'alpha': 0.8},-10.86363880479348,-12.392428476733837,-12.79387835822137,-9.526162430306922,-14.739053189292905,-9.981000532336248,-12.823352289143473,-7.559417300011443,-12.921352102806647,-9.301607683128744,-11.290189116677507,2.0799707418168922,5,-0.004602449389551788,-0.00020040150195543838,-0.003234387248059134,-0.000889175311199919,-0.0038526724451495298,-0.008008137904866208,-3.4373206963644876e-05,-0.0006757227589271331,-0.00034206456454177747,-0.0002564127799831173,-0.002209579711119769,0.0025152746543711225,5,-13.671919594000542,-18.277320512062154,-13.50281842980756,-16.43188817037761,-18.334930751311852,-13.660204019578519,-14.640343930202363,-8.765625010341422,-18.300611683409116,-14.174356919671961,-14.97600190207631,2.8333734129003667,5
14,0.1,0.0003010272979736328,0.0005098209814638853,0.00025050640106201173,0.0005121111207985215,0.9,{'alpha': 0.9},-10.86363880479348,-12.392428476733837,-12.79387835822137,-9.526162430306922,-14.739053189292905,-9.981000532336248,-12.823352289143473,-7.559417300011443,-12.921352102806647,-9.301607683128744,-11.290189116677507,2.0799707418168922,5,-0.004602449389551788,-0.00020040150195543838,-0.003234387248059134,-0.000889175311199919,-0.0038526724451495298,-0.008008137904866208,-3.4373206963644876e-05,-0.0006757227589271331,-0.00034206456454177747,-0.0002564127799831173,-0.002209579711119769,0.0025152746543711225,5,-13.671919594000542,-18.277320512062154,-13.50281842980756,-16.43188817037761,-18.334930751311852,-13.660204019578519,-14.640343930202363,-8.765625010341422,-18.300611683409116,-14.174356919671961,-14.97600190207631,2.8333734129003667,5
14,0.1,0.0,0.0,0.0,0.0,1.0,{'alpha': 1.0},-10.86363880479348,-12.392428476733837,-12.79387835822137,-9.526162430306922,-14.739053189292905,-9.981000532336248,-12.823352289143473,-7.559417300011443,-12.921352102806647,-9.301607683128744,-11.290189116677507,2.0799707418168922,5,-0.004602449389551788,-0.00020040150195543838,-0.003234387248059134,-0.000889175311199919,-0.0038526724451495298,-0.008008137904866208,-3.4373206963644876e-05,-0.0006757227589271331,-0.00034206456454177747,-0.0002564127799831173,-0.002209579711119769,0.0025152746543711225,5,-13.671919594000542,-18.277320512062154,-13.50281842980756,-16.43188817037761,-18.334930751311852,-13.660204019578519,-14.640343930202363,-8.765625010341422,-18.300611683409116,-14.174356919671961,-14.97600190207631,2.8333734129003667,5
16,0.1,0.0008216619491577149,0.00041576606057616553,0.0004218578338623047,0.000520014513102349,0.1,{'alpha': 0.1},-8.152658650280877,-9.375779858946872,-10.459297799593307,-7.517756169957736,-12.07869561674708,-7.839070839895608,-9.987250937807739,-6.080128336605783,-10.449896055225432,-7.177902689841964,-8.911843695490239,1.756609082965774,1,0.24609230882241362,0.24327513393208655,0.17983218808102375,0.21012886057861868,0.17733990651914,0.20831111323686846,0.2211401506837699,0.1951447345431222,0.19099251291987684,0.2281180371810636,0.21003749464979835,0.02328916586525726,1,-11.871006381214848,-16.641955609491575,-11.724872153759122,-14.080009647012613,-16.697241163261985,-10.880340780518285,-12.928993847552857,-7.709586968627635,-16.530478370957596,-11.843659256612376,-13.09081441790089,2.778593660731043,1
16,0.1,0.0007164955139160156,0.00047048495451468465,0.0004536628723144531,0.0005407880699876263,0.2,{'alpha': 0.2},-9.325613918246733,-10.870718584975391,-11.270421695384481,-8.186814894374038,-13.177059074422703,-8.707198490707048,-11.346427728825192,-6.393684086031362,-11.456162442636526,-7.897432028500876,-9.863153294410434,1.9761556640041802,2,0.13762462535129727,0.12261772470823828,0.11622775463310042,0.13983259596892328,0.10253217781749313,0.1206365625820418,0.11514419271314313,0.15363788107424659,0.11308962880405193,0.15074282854026777,0.12720859721928038,0.016306113972105886,2,-12.65896668499592,-17.558544685850556,-12.632265403699492,-15.225701141857996,-17.510501817089256,-12.119824011026578,-13.92078390705704,-7.636716418888781,-17.41845908569111,-13.088819832277345,-13.977058298843408,2.944517589192004,2
16,0.1,0.000723886489868164,0.0005566158648301952,0.0007626533508300782,0.0003953468179876398,0.30000000000000004,{'alpha': 0.30000000000000004},-10.416954091290815,-11.95339564915383,-12.371861234467039,-9.07167704950112,-14.300983321043853,-9.5801661684645,-12.37596431545412,-7.110749174693839,-12.474304788940774,-8.857018062800726,-10.85130738558106,2.0814936578356664,3,0.036704203505760424,0.035234203688019106,0.02985816519799389,0.04686242469705859,0.02598354581878659,0.0324732045643209,0.034855360909406885,0.05871659317796485,0.03426733461849585,0.04755291587995625,0.03825079520577633,0.009341998717318842,3,-13.486779615634559,-18.060064556029047,-13.320932796478683,-16.146493501623958,-18.11740102434659,-13.384231591865934,-14.473961941607758,-8.48924100820572,-18.033665311390678,-14.020061340180463,-14.75328326873634,2.8343933031435378,3
16,0.1,0.0005053997039794922,0.00045151002475296586,0.0006755352020263672,0.00046949185613697544,0.4,{'alpha': 0.4},-10.86363880479348,-12.392428476733837,-12.79387835822137,-9.526162430306922,-14.739053189292905,-9.885153679577895,-12.823352289143473,-7.49187629448038,-12.921352102806647,-9.27409510213496,-11.271099072749188,2.1009043125607656,4,-0.004602449389551788,-0.00020040150195543838,-0.003234387248059134,-0.000889175311199919,-0.0038526724451495298,0.0016716940177931017,-3.4373206963644876e-05,0.008264998707204763,-0.00034206456454177747,0.0027021763702642643,-5.1665457215910315e-05,0.003547050857595026,4,-13.671919594000542,-18.277320512062154,-13.50281842980756,-16.43188817037761,-18.334930751311852,-13.603603341844984,-14.640343930202363,-8.730216293801025,-18.300611683409116,-14.165918105476658,-14.965957081229387,2.844043802975454,4
16,0.1,0.0006870269775390625,0.0005415609374210543,0.00040221214294433594,0.00043766675914864956,0.5,{'alpha': 0.5},-10.86363880479348,-12.392428476733837,-12.79387835822137,-9.526162430306922,-14.739053189292905,-9.981000532336248,-12.823352289143473,-7.559417300011443,-12.921352102806647,-9.301607683128744,-11.290189116677507,2.0799707418168922,5,-0.004602449389551788,-0.00020040150195543838,-0.003234387248059134,-0.000889175311199919,-0.0038526724451495298,-0.008008137904866208,-3.4373206963644876e-05,-0.0006757227589271331,-0.00034206456454177747,-0.0002564127799831173,-0.002209579711119769,0.0025152746543711225,5,-13.671919594000542,-18.277320512062154,-13.50281842980756,-16.43188817037761,-18.334930751311852,-13.660204019578519,-14.640343930202363,-8.765625010341422,-18.300611683409116,-14.174356919671961,-14.97600190207631,2.8333734129003667,5
16,0.1,0.0006436347961425781,0.000528625996327847,0.0005367040634155273,0.0005381502861398765,0.6,{'alpha': 0.6},-10.86363880479348,-12.392428476733837,-12.79387835822137,-9.526162430306922,-14.739053189292905,-9.981000532336248,-12.823352289143473,-7.559417300011443,-12.921352102806647,-9.301607683128744,-11.290189116677507,2.0799707418168922,5,-0.004602449389551788,-0.00020040150195543838,-0.003234387248059134,-0.000889175311199919,-0.0038526724451495298,-0.008008137904866208,-3.4373206963644876e-05,-0.0006757227589271331,-0.00034206456454177747,-0.0002564127799831173,-0.002209579711119769,0.0025152746543711225,5,-13.671919594000542,-18.277320512062154,-13.50281842980756,-16.43188817037761,-18.334930751311852,-13.660204019578519,-14.640343930202363,-8.765625010341422,-18.300611683409116,-14.174356919671961,-14.97600190207631,2.8333734129003667,5
16,0.1,0.0005305528640747071,0.0005317835100472262,0.0005954265594482422,0.0006001158766258913,0.7000000000000001,{'alpha': 0.7000000000000001},-10.86363880479348,-12.392428476733837,-12.79387835822137,-9.526162430306922,-14.739053189292905,-9.981000532336248,-12.823352289143473,-7.559417300011443,-12.921352102806647,-9.301607683128744,-11.290189116677507,2.0799707418168922,5,-0.004602449389551788,-0.00020040150195543838,-0.003234387248059134,-0.000889175311199919,-0.0038526724451495298,-0.008008137904866208,-3.4373206963644876e-05,-0.0006757227589271331,-0.00034206456454177747,-0.0002564127799831173,-0.002209579711119769,0.0025152746543711225,5,-13.671919594000542,-18.277320512062154,-13.50281842980756,-16.43188817037761,-18.334930751311852,-13.660204019578519,-14.640343930202363,-8.765625010341422,-18.300611683409116,-14.174356919671961,-14.97600190207631,2.8333734129003667,5
16,0.1,0.000635075569152832,0.0005257212823093384,0.0006997108459472657,0.00045808919369265535,0.8,{'alpha': 0.8},-10.86363880479348,-12.392428476733837,-12.79387835822137,-9.526162430306922,-14.739053189292905,-9.981000532336248,-12.823352289143473,-7.559417300011443,-12.921352102806647,-9.301607683128744,-11.290189116677507,2.0799707418168922,5,-0.004602449389551788,-0.00020040150195543838,-0.003234387248059134,-0.000889175311199919,-0.0038526724451495298,-0.008008137904866208,-3.4373206963644876e-05,-0.0006757227589271331,-0.00034206456454177747,-0.0002564127799831173,-0.002209579711119769,0.0025152746543711225,5,-13.671919594000542,-18.277320512062154,-13.50281842980756,-16.43188817037761,-18.334930751311852,-13.660204019578519,-14.640343930202363,-8.765625010341422,-18.300611683409116,-14.174356919671961,-14.97600190207631,2.8333734129003667,5
16,0.1,0.0003000020980834961,0.0004582698210521798,0.0006997346878051758,0.0004580889535821139,0.9,{'alpha': 0.9},-10.86363880479348,-12.392428476733837,-12.79387835822137,-9.526162430306922,-14.739053189292905,-9.981000532336248,-12.823352289143473,-7.559417300011443,-12.921352102806647,-9.301607683128744,-11.290189116677507,2.0799707418168922,5,-0.004602449389551788,-0.00020040150195543838,-0.003234387248059134,-0.000889175311199919,-0.0038526724451495298,-0.008008137904866208,-3.4373206963644876e-05,-0.0006757227589271331,-0.00034206456454177747,-0.0002564127799831173,-0.002209579711119769,0.0025152746543711225,5,-13.671919594000542,-18.277320512062154,-13.50281842980756,-16.43188817037761,-18.334930751311852,-13.660204019578519,-14.640343930202363,-8.765625010341422,-18.300611683409116,-14.174356919671961,-14.97600190207631,2.8333734129003667,5
16,0.1,0.0006328344345092774,0.0005253531620628863,0.00043346881866455076,0.0005383844534033228,1.0,{'alpha': 1.0},-10.86363880479348,-12.392428476733837,-12.79387835822137,-9.526162430306922,-14.739053189292905,-9.981000532336248,-12.823352289143473,-7.559417300011443,-12.921352102806647,-9.301607683128744,-11.290189116677507,2.0799707418168922,5,-0.004602449389551788,-0.00020040150195543838,-0.003234387248059134,-0.000889175311199919,-0.0038526724451495298,-0.008008137904866208,-3.4373206963644876e-05,-0.0006757227589271331,-0.00034206456454177747,-0.0002564127799831173,-0.002209579711119769,0.0025152746543711225,5,-13.671919594000542,-18.277320512062154,-13.50281842980756,-16.43188817037761,-18.334930751311852,-13.660204019578519,-14.640343930202363,-8.765625010341422,-18.300611683409116,-14.174356919671961,-14.97600190207631,2.8333734129003667,5
18,0.1,0.0011532306671142578,0.0023064613342285156,0.0005766153335571289,0.0017298460006713867,0.1,{'alpha': 0.1},-8.152658604719697,-9.375779788222465,-10.459297823845082,-7.517756142319071,-12.078695541769042,-7.839070752347322,-9.987250875969014,-6.08012829003133,-10.449896054434397,-7.17790263908218,-8.911843651273958,1.7566090878896738,1,0.24609231303563117,0.24327513964029623,0.1798321861793163,0.21012886348254167,0.1773399116257709,0.2083111220786057,0.22114015550628796,0.19514474070840215,0.19099251298111697,0.22811804263956093,0.210037498787753,0.023289167051875448,1,-11.871006353367099,-16.64195560243324,-11.724872103936294,-14.080009570567066,-16.697241159083145,-10.880340669561296,-12.928993718026646,-7.709586868994557,-16.53047834621568,-11.843659235395535,-13.090814362758056,2.778593687003369,1
18,0.1,0.0015311717987060546,0.002289433584875304,0.000930333137512207,0.00176376850810258,0.2,{'alpha': 0.2},-9.325613863022113,-10.870718533611228,-11.27042166931938,-8.186814865429147,-13.17705902614158,-8.707198444632082,-11.346427676551562,-6.393684051974521,-11.456162395193182,-7.897431991688967,-9.863153251756376,1.9761556599782966,2,0.13762463045813023,0.1226177288538709,0.11622775667700036,0.1398325990100877,0.10253218110584095,0.12063656723527671,0.11514419678972354,0.15363788558251124,0.1130896324770091,0.15074283249886822,0.1272086010688319,0.01630611427662868,2,-12.658966663471285,-17.55854467421625,-12.63226536606691,-15.22570109136398,-17.510501809282847,-12.1198239377593,-13.920783846889828,-7.6367163295256475,-17.41845905643456,-13.088819800351798,-13.977058257536239,2.9445176089034173,2
18,0.1,0.00010077953338623047,0.0003023386001586914,0.0,0.0,0.30000000000000004,{'alpha': 0.30000000000000004},-10.416954091429199,-11.95339564926727,-12.371861234524847,-9.071677049611822,-14.300983321177561,-9.580166168529946,-12.37596431557054,-7.110749152320282,-12.474304789035928,-8.85701806290444,-10.851307383437184,2.0814936618783673,3,0.03670420349296355,0.03523420367886332,0.02985816519346096,0.04686242468542756,0.025983545809679987,0.0324732045577113,0.034855360900327814,0.058716596139658184,0.034267334611129296,0.04755291586880306,0.0382507954938025,0.009341999367126631,3,-13.486779615361739,-18.060064555976,-13.320932796453821,-16.146493501707123,-18.117401024313697,-13.38423159141897,-14.473961941674244,-8.48924098746522,-18.03366531137909,-14.020061340491925,-14.753283266624184,2.83439330774619,3
18,0.1,0.001598501205444336,0.0027192533951595926,0.001396036148071289,0.0027920722961425784,0.4,{'alpha': 0.4},-10.86363880479348,-12.392428476733837,-12.79387835822137,-9.526162430306922,-14.739053189292905,-9.885153679680116,-12.823352289143473,-7.4918762945231006,-12.921352102806647,-9.274095102256009,-11.271099072775787,2.1009043125348312,4,-0.004602449389551788,-0.00020040150195543838,-0.003234387248059134,-0.000889175311199919,-0.0038526724451495298,0.0016716940074695819,-3.4373206963644876e-05,0.00826499870154973,-0.00034206456454177747,0.0027021763572471214,-5.166546011547979e-05,0.003547050854756914,4,-13.671919594000542,-18.277320512062154,-13.50281842980756,-16.43188817037761,-18.334930751311852,-13.603603341804295,-14.640343930202363,-8.730216293846386,-18.300611683409116,-14.165918105528789,-14.965957081235066,2.8440438029659902,4
18,0.1,0.000602102279663086,0.0004916392307437575,0.00039997100830078123,0.0004898624643296147,0.5,{'alpha': 0.5},-10.86363880479348,-12.392428476733837,-12.79387835822137,-9.526162430306922,-14.739053189292905,-9.981000532336248,-12.823352289143473,-7.559417300011443,-12.921352102806647,-9.301607683128744,-11.290189116677507,2.0799707418168922,5,-0.004602449389551788,-0.00020040150195543838,-0.003234387248059134,-0.000889175311199919,-0.0038526724451495298,-0.008008137904866208,-3.4373206963644876e-05,-0.0006757227589271331,-0.00034206456454177747,-0.0002564127799831173,-0.002209579711119769,0.0025152746543711225,5,-13.671919594000542,-18.277320512062154,-13.50281842980756,-16.43188817037761,-18.334930751311852,-13.660204019578519,-14.640343930202363,-8.765625010341422,-18.300611683409116,-14.174356919671961,-14.97600190207631,2.8333734129003667,5
18,0.1,0.0003012418746948242,0.0004601623509402518,0.0006003618240356445,0.0004902090707773227,0.6,{'alpha': 0.6},-10.86363880479348,-12.392428476733837,-12.79387835822137,-9.526162430306922,-14.739053189292905,-9.981000532336248,-12.823352289143473,-7.559417300011443,-12.921352102806647,-9.301607683128744,-11.290189116677507,2.0799707418168922,5,-0.004602449389551788,-0.00020040150195543838,-0.003234387248059134,-0.000889175311199919,-0.0038526724451495298,-0.008008137904866208,-3.4373206963644876e-05,-0.0006757227589271331,-0.00034206456454177747,-0.0002564127799831173,-0.002209579711119769,0.0025152746543711225,5,-13.671919594000542,-18.277320512062154,-13.50281842980756,-16.43188817037761,-18.334930751311852,-13.660204019578519,-14.640343930202363,-8.765625010341422,-18.300611683409116,-14.174356919671961,-14.97600190207631,2.8333734129003667,5
18,0.1,0.000800323486328125,0.0004001701809108992,0.0003003597259521484,0.000458807064093769,0.7000000000000001,{'alpha': 0.7000000000000001},-10.86363880479348,-12.392428476733837,-12.79387835822137,-9.526162430306922,-14.739053189292905,-9.981000532336248,-12.823352289143473,-7.559417300011443,-12.921352102806647,-9.301607683128744,-11.290189116677507,2.0799707418168922,5,-0.004602449389551788,-0.00020040150195543838,-0.003234387248059134,-0.000889175311199919,-0.0038526724451495298,-0.008008137904866208,-3.4373206963644876e-05,-0.0006757227589271331,-0.00034206456454177747,-0.0002564127799831173,-0.002209579711119769,0.0025152746543711225,5,-13.671919594000542,-18.277320512062154,-13.50281842980756,-16.43188817037761,-18.334930751311852,-13.660204019578519,-14.640343930202363,-8.765625010341422,-18.300611683409116,-14.174356919671961,-14.97600190207631,2.8333734129003667,5
18,0.1,0.000641942024230957,0.000536317527468957,0.00027956962585449217,0.0005591392517089843,0.8,{'alpha': 0.8},-10.86363880479348,-12.392428476733837,-12.79387835822137,-9.526162430306922,-14.739053189292905,-9.981000532336248,-12.823352289143473,-7.559417300011443,-12.921352102806647,-9.301607683128744,-11.290189116677507,2.0799707418168922,5,-0.004602449389551788,-0.00020040150195543838,-0.003234387248059134,-0.000889175311199919,-0.0038526724451495298,-0.008008137904866208,-3.4373206963644876e-05,-0.0006757227589271331,-0.00034206456454177747,-0.0002564127799831173,-0.002209579711119769,0.0025152746543711225,5,-13.671919594000542,-18.277320512062154,-13.50281842980756,-16.43188817037761,-18.334930751311852,-13.660204019578519,-14.640343930202363,-8.765625010341422,-18.300611683409116,-14.174356919671961,-14.97600190207631,2.8333734129003667,5
18,0.1,0.000300908088684082,0.0004596526496676768,0.000701141357421875,0.0004590144404766123,0.9,{'alpha': 0.9},-10.86363880479348,-12.392428476733837,-12.79387835822137,-9.526162430306922,-14.739053189292905,-9.981000532336248,-12.823352289143473,-7.559417300011443,-12.921352102806647,-9.301607683128744,-11.290189116677507,2.0799707418168922,5,-0.004602449389551788,-0.00020040150195543838,-0.003234387248059134,-0.000889175311199919,-0.0038526724451495298,-0.008008137904866208,-3.4373206963644876e-05,-0.0006757227589271331,-0.00034206456454177747,-0.0002564127799831173,-0.002209579711119769,0.0025152746543711225,5,-13.671919594000542,-18.277320512062154,-13.50281842980756,-16.43188817037761,-18.334930751311852,-13.660204019578519,-14.640343930202363,-8.765625010341422,-18.300611683409116,-14.174356919671961,-14.97600190207631,2.8333734129003667,5
18,0.1,0.0007455825805664062,0.00043587755836050566,0.0002619028091430664,0.00042472666550363213,1.0,{'alpha': 1.0},-10.86363880479348,-12.392428476733837,-12.79387835822137,-9.526162430306922,-14.739053189292905,-9.981000532336248,-12.823352289143473,-7.559417300011443,-12.921352102806647,-9.301607683128744,-11.290189116677507,2.0799707418168922,5,-0.004602449389551788,-0.00020040150195543838,-0.003234387248059134,-0.000889175311199919,-0.0038526724451495298,-0.008008137904866208,-3.4373206963644876e-05,-0.0006757227589271331,-0.00034206456454177747,-0.0002564127799831173,-0.002209579711119769,0.0025152746543711225,5,-13.671919594000542,-18.277320512062154,-13.50281842980756,-16.43188817037761,-18.334930751311852,-13.660204019578519,-14.640343930202363,-8.765625010341422,-18.300611683409116,-14.174356919671961,-14.97600190207631,2.8333734129003667,5
20,0.1,0.0006752490997314453,0.0004735709358988778,0.00047435760498046873,0.0005034113894830122,0.1,{'alpha': 0.1},-8.152658551172818,-9.375779722284811,-10.459297758291015,-7.517756109689192,-12.078695487190219,-7.8390706847180445,-9.987250797766768,-6.080128270926186,-10.449895996808891,-7.17790259244351,-8.911843597129145,1.7566090774180583,1,0.2460923179873169,0.24327514496216418,0.1798321913197507,0.2101288669108783,0.17733991534304472,0.20831112890866865,0.22114016160492223,0.19514474323744024,0.19099251744235435,0.22811804765489052,0.21003750353714307,0.023289167493662305,1,-11.871006309341745,-16.641955591310527,-11.724872063714713,-14.080009500535617,-16.697241149238636,-10.880340596735241,-12.928993680981357,-7.709586930351064,-16.53047833862219,-11.843659116660984,-13.090814327749209,2.7785936842368275,1
20,0.1,0.0007044315338134765,0.00046120591397385164,0.0006047248840332031,0.0004938147941898377,0.2,{'alpha': 0.2},-9.325613795626511,-10.870718460434528,-11.270421620669735,-8.186814832364664,-13.17705896951378,-8.707198386192454,-11.346427612778644,-6.393684022597189,-11.456162338571424,-7.897431944465185,-9.86315319832141,1.9761556518471985,2,0.13762463669046066,0.1226177347600067,0.11622776049187145,0.13983260248408724,0.10253218496266725,0.12063657313725229,0.11514420176308071,0.15363788947132717,0.11308963686053841,0.15074283757711826,0.127208605819841,0.01630611431468965,2,-12.65896663035247,-17.55854465369574,-12.632265335418097,-15.22570103540025,-17.5105017911918,-12.119823847831576,-13.920783814818215,-7.636716286306341,-17.418459038835056,-13.088819719489617,-13.977058215333916,2.9445176201676873,2
20,0.1,0.000710606575012207,0.0004659898325616173,0.0006193161010742187,0.0005068114291843985,0.30000000000000004,{'alpha': 0.30000000000000004},-10.416954091619806,-11.953395649461449,-12.37186123472509,-9.071677049791038,-14.300983321371563,-9.580166168647374,-12.375964315751652,-7.110749117689159,-12.474304789193454,-8.857018063062233,-10.851307380131281,2.0814936681427905,3,0.036704203475337316,0.03523420366319108,0.029858165177758744,0.046862424666597624,0.02598354579646689,0.032473204545851786,0.03485536088620367,0.058716600723943246,0.03426733459893405,0.047552915851834854,0.03825079593861193,0.009342000373704914,3,-13.486779615427881,-18.06006455605212,-13.32093279651291,-16.146493501893794,-18.117401024397523,-13.384231591483827,-14.473961941742047,-8.489240957768715,-18.033665311513282,-14.020061340692191,-14.753283263748429,2.8343933143377655,3
20,0.1,0.0006012201309204101,0.0004909036233622604,0.0006908178329467773,0.0005877765415511879,0.4,{'alpha': 0.4},-10.86363880479348,-12.392428476733837,-12.79387835822137,-9.526162430306922,-14.739053189292905,-9.885153679815959,-12.823352289143473,-7.491876294681387,-12.921352102806647,-9.27409510241477,-11.271099072821077,2.1009043124823057,4,-0.004602449389551788,-0.00020040150195543838,-0.003234387248059134,-0.000889175311199919,-0.0038526724451495298,0.001671693993750445,-3.4373206963644876e-05,0.008264998680596491,-0.00034206456454177747,0.0027021763401745558,-5.166546528997396e-05,0.0035470508478520455,4,-13.671919594000542,-18.277320512062154,-13.50281842980756,-16.43188817037761,-18.334930751311852,-13.60360334188125,-14.640343930202363,-8.730216293935229,-18.300611683409116,-14.165918105585448,-14.965957081257312,2.844043802941231,4
20,0.1,0.0006022453308105469,0.0004917451944737565,0.0007854938507080078,0.0005362192031168882,0.5,{'alpha': 0.5},-10.86363880479348,-12.392428476733837,-12.79387835822137,-9.526162430306922,-14.739053189292905,-9.981000532336248,-12.823352289143473,-7.559417300011443,-12.921352102806647,-9.301607683128744,-11.290189116677507,2.0799707418168922,5,-0.004602449389551788,-0.00020040150195543838,-0.003234387248059134,-0.000889175311199919,-0.0038526724451495298,-0.008008137904866208,-3.4373206963644876e-05,-0.0006757227589271331,-0.00034206456454177747,-0.0002564127799831173,-0.002209579711119769,0.0025152746543711225,5,-13.671919594000542,-18.277320512062154,-13.50281842980756,-16.43188817037761,-18.334930751311852,-13.660204019578519,-14.640343930202363,-8.765625010341422,-18.300611683409116,-14.174356919671961,-14.97600190207631,2.8333734129003667,5
20,0.1,0.0008468389511108399,0.0005739848085849252,0.0005649805068969726,0.0005746049804499714,0.6,{'alpha': 0.6},-10.86363880479348,-12.392428476733837,-12.79387835822137,-9.526162430306922,-14.739053189292905,-9.981000532336248,-12.823352289143473,-7.559417300011443,-12.921352102806647,-9.301607683128744,-11.290189116677507,2.0799707418168922,5,-0.004602449389551788,-0.00020040150195543838,-0.003234387248059134,-0.000889175311199919,-0.0038526724451495298,-0.008008137904866208,-3.4373206963644876e-05,-0.0006757227589271331,-0.00034206456454177747,-0.0002564127799831173,-0.002209579711119769,0.0025152746543711225,5,-13.671919594000542,-18.277320512062154,-13.50281842980756,-16.43188817037761,-18.334930751311852,-13.660204019578519,-14.640343930202363,-8.765625010341422,-18.300611683409116,-14.174356919671961,-14.97600190207631,2.8333734129003667,5
20,0.1,0.0009142160415649414,0.00048351676093372935,0.0005398988723754883,0.0005495892910068794,0.7000000000000001,{'alpha': 0.7000000000000001},-10.86363880479348,-12.392428476733837,-12.79387835822137,-9.526162430306922,-14.739053189292905,-9.981000532336248,-12.823352289143473,-7.559417300011443,-12.921352102806647,-9.301607683128744,-11.290189116677507,2.0799707418168922,5,-0.004602449389551788,-0.00020040150195543838,-0.003234387248059134,-0.000889175311199919,-0.0038526724451495298,-0.008008137904866208,-3.4373206963644876e-05,-0.0006757227589271331,-0.00034206456454177747,-0.0002564127799831173,-0.002209579711119769,0.0025152746543711225,5,-13.671919594000542,-18.277320512062154,-13.50281842980756,-16.43188817037761,-18.334930751311852,-13.660204019578519,-14.640343930202363,-8.765625010341422,-18.300611683409116,-14.174356919671961,-14.97600190207631,2.8333734129003667,5
20,0.1,0.0006012916564941406,0.0004909687175390392,0.0005999088287353515,0.0004898240026719685,0.8,{'alpha': 0.8},-10.86363880479348,-12.392428476733837,-12.79387835822137,-9.526162430306922,-14.739053189292905,-9.981000532336248,-12.823352289143473,-7.559417300011443,-12.921352102806647,-9.301607683128744,-11.290189116677507,2.0799707418168922,5,-0.004602449389551788,-0.00020040150195543838,-0.003234387248059134,-0.000889175311199919,-0.0038526724451495298,-0.008008137904866208,-3.4373206963644876e-05,-0.0006757227589271331,-0.00034206456454177747,-0.0002564127799831173,-0.002209579711119769,0.0025152746543711225,5,-13.671919594000542,-18.277320512062154,-13.50281842980756,-16.43188817037761,-18.334930751311852,-13.660204019578519,-14.640343930202363,-8.765625010341422,-18.300611683409116,-14.174356919671961,-14.97600190207631,2.8333734129003667,5
20,0.1,0.0009373664855957031,0.0003317891265957466,0.00019991397857666016,0.0003998283872164174,0.9,{'alpha': 0.9},-10.86363880479348,-12.392428476733837,-12.79387835822137,-9.526162430306922,-14.739053189292905,-9.981000532336248,-12.823352289143473,-7.559417300011443,-12.921352102806647,-9.301607683128744,-11.290189116677507,2.0799707418168922,5,-0.004602449389551788,-0.00020040150195543838,-0.003234387248059134,-0.000889175311199919,-0.0038526724451495298,-0.008008137904866208,-3.4373206963644876e-05,-0.0006757227589271331,-0.00034206456454177747,-0.0002564127799831173,-0.002209579711119769,0.0025152746543711225,5,-13.671919594000542,-18.277320512062154,-13.50281842980756,-16.43188817037761,-18.334930751311852,-13.660204019578519,-14.640343930202363,-8.765625010341422,-18.300611683409116,-14.174356919671961,-14.97600190207631,2.8333734129003667,5
20,0.1,0.00039839744567871094,0.0006091417675842878,0.0011330366134643555,0.00040054701692614024,1.0,{'alpha': 1.0},-10.86363880479348,-12.392428476733837,-12.79387835822137,-9.526162430306922,-14.739053189292905,-9.981000532336248,-12.823352289143473,-7.559417300011443,-12.921352102806647,-9.301607683128744,-11.290189116677507,2.0799707418168922,5,-0.004602449389551788,-0.00020040150195543838,-0.003234387248059134,-0.000889175311199919,-0.0038526724451495298,-0.008008137904866208,-3.4373206963644876e-05,-0.0006757227589271331,-0.00034206456454177747,-0.0002564127799831173,-0.002209579711119769,0.0025152746543711225,5,-13.671919594000542,-18.277320512062154,-13.50281842980756,-16.43188817037761,-18.334930751311852,-13.660204019578519,-14.640343930202363,-8.765625010341422,-18.300611683409116,-14.174356919671961,-14.97600190207631,2.8333734129003667,5
